{"s28-d39.avi":{"total_frame":22908,"duration":779.1836734693878},
"s33-d27.avi":{"total_frame":20003,"duration":680.374149659864},
"s37-d25.avi":{"total_frame":1436,"duration":48.84353741496599},
"s21-d28.avi":{"total_frame":3693,"duration":125.61224489795919},
"s22-d35.avi":{"total_frame":2555,"duration":86.90476190476191},
"s21-d50.avi":{"total_frame":1607,"duration":54.65986394557823},
"s36-d70.avi":{"total_frame":7055,"duration":239.96598639455783},
"s26-d23.avi":{"total_frame":2842,"duration":96.66666666666667},
"s13-d28.avi":{"total_frame":5629,"duration":191.4625850340136},
"s25-d51.avi":{"total_frame":3409,"duration":115.95238095238096},
"s17-d42.avi":{"total_frame":15601,"duration":530.6462585034014},
"s23-d39.avi":{"total_frame":5444,"duration":185.17006802721087},
"s22-d48.avi":{"total_frame":2467,"duration":83.91156462585035},
"s27-d29.avi":{"total_frame":8024,"duration":272.9251700680272},
"s31-d28.avi":{"total_frame":5841,"duration":198.67346938775512},
"s37-d21.avi":{"total_frame":11130,"duration":378.57142857142856},
"s25-d35.avi":{"total_frame":3900,"duration":132.6530612244898},
"s31-d31.avi":{"total_frame":6273,"duration":213.36734693877554},
"s36-d42.avi":{"total_frame":18133,"duration":616.7687074829932},
"s28-d25.avi":{"total_frame":3220,"duration":109.52380952380953},
"s27-d54.avi":{"total_frame":10969,"duration":373.09523809523813},
"s13-d48.avi":{"total_frame":3228,"duration":109.79591836734694},
"s32-d27.avi":{"total_frame":22541,"duration":766.7006802721089},
"s25-d23.avi":{"total_frame":3808,"duration":129.52380952380952},
"s30-d41.avi":{"total_frame":19163,"duration":651.8027210884354},
"s29-d31.avi":{"total_frame":3164,"duration":107.61904761904762},
"s13-d25.avi":{"total_frame":2951,"duration":100.37414965986395},
"s27-d70.avi":{"total_frame":8218,"duration":279.5238095238095},
"s22-d25.avi":{"total_frame":1621,"duration":55.13605442176871},
"s34-d69.avi":{"total_frame":12952,"duration":440.5442176870749},
"s22-d53.avi":{"total_frame":6013,"duration":204.52380952380952},
"s17-d53.avi":{"total_frame":7031,"duration":239.1496598639456},
"s34-d34.avi":{"total_frame":17675,"duration":601.1904761904763},
"s13-d52.avi":{"total_frame":2767,"duration":94.1156462585034},
"s29-d42.avi":{"total_frame":22198,"duration":755.0340136054423},
"s24-d40.avi":{"total_frame":6322,"duration":215.0340136054422},
"s22-d34.avi":{"total_frame":2401,"duration":81.66666666666667},
"s26-d69.avi":{"total_frame":20978,"duration":713.5374149659864},
"s13-d40.avi":{"total_frame":3347,"duration":113.843537414966},
"s24-d53.avi":{"total_frame":5237,"duration":178.12925170068027},
"s13-d54.avi":{"total_frame":8199,"duration":278.8775510204082},
"s32-d52.avi":{"total_frame":5508,"duration":187.3469387755102},
"s26-d70.avi":{"total_frame":5847,"duration":198.87755102040816},
"s21-d45.avi":{"total_frame":2866,"duration":97.48299319727892},
"s14-d43.avi":{"total_frame":4667,"duration":158.74149659863946},
"s33-d54.avi":{"total_frame":10898,"duration":370.68027210884355},
"s14-d26.avi":{"total_frame":12483,"duration":424.5918367346939},
"s24-d34.avi":{"total_frame":5430,"duration":184.69387755102042},
"s15-d70.avi":{"total_frame":8315,"duration":282.8231292517007},
"s13-d45.avi":{"total_frame":4354,"duration":148.0952380952381},
"s36-d50.avi":{"total_frame":5219,"duration":177.51700680272108},
"s35-d41.avi":{"total_frame":27306,"duration":928.7755102040817},
"s21-d55.avi":{"total_frame":2133,"duration":72.55102040816327},
"s27-d50.avi":{"total_frame":2430,"duration":82.65306122448979},
"s21-d43.avi":{"total_frame":4033,"duration":137.1768707482993},
"s22-d26.avi":{"total_frame":9365,"duration":318.5374149659864},
"s30-d52.avi":{"total_frame":7362,"duration":250.40816326530611},
"s27-d45.avi":{"total_frame":4757,"duration":161.8027210884354},
"s22-d43.avi":{"total_frame":3315,"duration":112.75510204081633},
"s23-d46.avi":{"total_frame":10819,"duration":367.9931972789116},
"s13-d31.avi":{"total_frame":5093,"duration":173.2312925170068},
"s21-d40.avi":{"total_frame":3238,"duration":110.13605442176872},
"s33-d45.avi":{"total_frame":7698,"duration":261.8367346938776},
"s30-d40.avi":{"total_frame":4911,"duration":167.04081632653063},
"s27-d21.avi":{"total_frame":4408,"duration":149.93197278911566},
"s14-d51.avi":{"total_frame":8323,"duration":283.09523809523813},
"s29-d52.avi":{"total_frame":5871,"duration":199.69387755102042},
"s23-d45.avi":{"total_frame":4184,"duration":142.31292517006804},
"s35-d40.avi":{"total_frame":13864,"duration":471.5646258503402},
"s22-d46.avi":{"total_frame":14844,"duration":504.8979591836735},
"s15-d26.avi":{"total_frame":33264,"duration":1131.4285714285716},
"s25-d69.avi":{"total_frame":14351,"duration":488.1292517006803},
"s23-d51.avi":{"total_frame":6830,"duration":232.31292517006804},
"s22-d29.avi":{"total_frame":3253,"duration":110.64625850340136},
"s30-d43.avi":{"total_frame":19807,"duration":673.7074829931972},
"s21-d35.avi":{"total_frame":1875,"duration":63.775510204081634},
"s13-d21.avi":{"total_frame":2955,"duration":100.51020408163266},
"s32-d69.avi":{"total_frame":12409,"duration":422.0748299319728},
"s21-d29.avi":{"total_frame":1881,"duration":63.9795918367347},
"s32-d55.avi":{"total_frame":5689,"duration":193.50340136054422},
"s29-d39.avi":{"total_frame":9630,"duration":327.55102040816325},
"s24-d41.avi":{"total_frame":17753,"duration":603.843537414966},
"s31-d25.avi":{"total_frame":2650,"duration":90.13605442176872},
"s21-d39.avi":{"total_frame":3774,"duration":128.3673469387755},
"s28-d27.avi":{"total_frame":17235,"duration":586.2244897959183},
"s32-d70.avi":{"total_frame":7357,"duration":250.23809523809524},
"s34-d28.avi":{"total_frame":11816,"duration":401.9047619047619},
"s14-d27.avi":{"total_frame":6134,"duration":208.63945578231292},
"s37-d46.avi":{"total_frame":13677,"duration":465.2040816326531},
"s36-d27.avi":{"total_frame":4390,"duration":149.31972789115648},
"s27-d34.avi":{"total_frame":1772,"duration":60.27210884353742},
"s37-d29.avi":{"total_frame":3012,"duration":102.44897959183675},
"s30-d29.avi":{"total_frame":6115,"duration":207.99319727891157},
"s21-d21.avi":{"total_frame":4450,"duration":151.36054421768708},
"s35-d55.avi":{"total_frame":6758,"duration":229.8639455782313},
"s14-d46.avi":{"total_frame":9249,"duration":314.5918367346939},
"s23-d21.avi":{"total_frame":4866,"duration":165.51020408163265},
"s23-d42.avi":{"total_frame":12416,"duration":422.31292517006807},
"s29-d50.avi":{"total_frame":2847,"duration":96.83673469387756},
"s37-d39.avi":{"total_frame":9169,"duration":311.87074829931976},
"s14-d35.avi":{"total_frame":2421,"duration":82.34693877551021},
"s17-d69.avi":{"total_frame":12454,"duration":423.6054421768708},
"s28-d46.avi":{"total_frame":11162,"duration":379.65986394557825},
"s23-d31.avi":{"total_frame":3216,"duration":109.38775510204083},
"s33-d50.avi":{"total_frame":3466,"duration":117.89115646258504},
"s35-d48.avi":{"total_frame":7628,"duration":259.4557823129252},
"s21-d53.avi":{"total_frame":4683,"duration":159.28571428571428},
"s23-d34.avi":{"total_frame":5231,"duration":177.92517006802723},
"s21-d42.avi":{"total_frame":6090,"duration":207.14285714285717},
"s25-d52.avi":{"total_frame":5676,"duration":193.0612244897959},
"s26-d26.avi":{"total_frame":41240,"duration":1402.7210884353742},
"s36-d31.avi":{"total_frame":7071,"duration":240.51020408163265},
"s36-d23.avi":{"total_frame":19412,"duration":660.2721088435374},
"s24-d23.avi":{"total_frame":5735,"duration":195.06802721088434},
"s28-d51.avi":{"total_frame":19725,"duration":670.9183673469388},
"s24-d28.avi":{"total_frame":7230,"duration":245.9183673469388},
"s21-d23.avi":{"total_frame":3452,"duration":117.41496598639456},
"s17-d55.avi":{"total_frame":2335,"duration":79.421768707483},
"s36-d43.avi":{"total_frame":26924,"duration":915.78231292517},
"s34-d41.avi":{"total_frame":15419,"duration":524.4557823129252},
"s22-d55.avi":{"total_frame":1530,"duration":52.04081632653062},
"s30-d26.avi":{"total_frame":17130,